{"cameraMode":{"drawMode":0,"name":"Shaded","section":"Shading Mode"},"sceneLighting":true,"audioPlay":false,"sceneViewState":{"m_AlwaysRefresh":false,"showFog":true,"showSkybox":true,"showFlares":true,"showImageEffects":true,"showParticleSystems":true,"showVisualEffectGraphs":true,"m_FxEnabled":true},"in2DMode":false,"pivot":{"x":-0.5805568695068359,"y":4.123071670532227,"z":-0.0898590087890625},"rotation":{"x":0.04947955906391144,"y":0.004488740582019091,"z":0.00022335731773637235,"w":-0.9987778067588806},"size":22.27371597290039,"orthographic":false}