{"cameraMode":{"drawMode":0,"name":"Shaded","section":"Shading Mode"},"sceneLighting":true,"audioPlay":false,"sceneViewState":{"m_AlwaysRefresh":false,"showFog":true,"showSkybox":true,"showFlares":true,"showImageEffects":true,"showParticleSystems":true,"showVisualEffectGraphs":true,"m_FxEnabled":true},"in2DMode":false,"pivot":{"x":0.8271096348762512,"y":-5.181004047393799,"z":-10.595678329467774},"rotation":{"x":-0.26954856514930727,"y":0.02310354635119438,"z":-0.00647005857899785,"w":-0.9627044200897217},"size":5.2935943603515629,"orthographic":false}