{"cameraMode":{"drawMode":0,"name":"Shaded","section":"Shading Mode"},"sceneLighting":true,"audioPlay":false,"sceneViewState":{"m_AlwaysRefresh":false,"showFog":true,"showSkybox":true,"showFlares":true,"showImageEffects":true,"showParticleSystems":true,"showVisualEffectGraphs":true,"m_FxEnabled":true},"in2DMode":false,"pivot":{"x":-0.9702416062355042,"y":-3.642190933227539,"z":2.4452085494995119},"rotation":{"x":0.2079436182975769,"y":0.06888896971940994,"z":0.014683835208415985,"w":-0.9756107330322266},"size":16.809932708740236,"orthographic":false}